<?xml version="1.0" encoding="utf-8"?>
<install version="1.5" type="plugin" group="system">
        <name>System - Stop Sopa Ribon</name>
        <author>Sabuj Kundu</author>
        <creationDate>19.01.2012</creationDate>
        <copyright>Copyright (C) 2012 codeboxr.com. All rights reserved.</copyright>
        <license>http://www.gnu.org/licenseses/gpl-2.0.html GNU/GPL</license>
        <authorEmail>sabuj@codeboxr.com</authorEmail>
        <authorUrl>http://codeboxr.com</authorUrl>
        <version>1.0</version>
        <description>A small plugin to show stop sopa ribon on right top corner</description>
        <files>
                <filename plugin="stopsoparibon">stopsoparibon.php</filename>
                <folder>stopsoparibon</folder>                                			
        </files>
        <params>                        
		</params>
</install>
